<?xml version="1.0" encoding="utf-8" standalone="yes" ?>
<rss version="2.0" xmlns:atom="http://www.w3.org/2005/Atom">
  <channel>
    <title>Manuel Reinhardt Apps</title>
    <link>https://manuel-reinhardt.de/</link>
    <description>Recent content on Manuel Reinhardt Apps</description>
    <generator>Hugo -- gohugo.io</generator>
    <language>en-us</language>
    <lastBuildDate>Wed, 13 Sep 2017 15:34:03 +0200</lastBuildDate>
    
	<atom:link href="https://manuel-reinhardt.de/index.xml" rel="self" type="application/rss+xml" />
    
    
    <item>
      <title>Baumfinder</title>
      <link>https://manuel-reinhardt.de/baumfinder/</link>
      <pubDate>Wed, 13 Sep 2017 15:34:03 +0200</pubDate>
      
      <guid>https://manuel-reinhardt.de/baumfinder/</guid>
      <description>Das ideale Nachschlagwerk für Naturliebhaber und Waldspaziergänger, jetzt zum Einführungspreis! Erkennen sie anhand der Fotos für Blätter, Knospen, Stämme und vielen weiteren Merkmalen die heimischen Laub- und Nadelbäume, sowie Sträucher. Derzeit sind 140 Fotos für 40 Arten vorhanden. Die App wird stetig erweitert werden, insbesondere auch um blühende Bodenpflanzen und seltenere Bäume und Sträucher. Alle weiteren Updates werden kostenlos sein.
Diese App ist super für
 Naturliebhaber, Schüler und Lehrer, Waldspaziergänger, Wandergruppen, Wissbegierige und viele andere Interessierte.</description>
    </item>
    
    <item>
      <title>My Cars</title>
      <link>https://manuel-reinhardt.de/mycars/</link>
      <pubDate>Wed, 13 Sep 2017 15:26:53 +0200</pubDate>
      
      <guid>https://manuel-reinhardt.de/mycars/</guid>
      <description>Die Fuhrparkverwaltung für iPhone und iPod Touch.
Alle Termine und Fälligkeiten rund um ihre Autos stets griffbereit – von der Hauptuntersuchung über Steuer bis zur Versicherung.
Mit dieser Applikation verwalten sie einfach und komfortabel die Daten ihrer Kraftfahrzeuge.
Ideal, wenn sie ein oder mehrere Autos oder Motorräder besitzen, für Familien, Handwerksbetriebe und kleinere Unternehmen. Speichern sie bis zu 20 Fahrzeuge in dieser übersichtlich aufgebauten App.
Zusätzlich zu den voreingestellten Parametern finden Sie ein weiteres Feld für individuelle Eingaben.</description>
    </item>
    
    <item>
      <title>My Cars HD</title>
      <link>https://manuel-reinhardt.de/mycars_hd/</link>
      <pubDate>Wed, 13 Sep 2017 15:26:53 +0200</pubDate>
      
      <guid>https://manuel-reinhardt.de/mycars_hd/</guid>
      <description>Die Fuhrparkverwaltung für iPhone und iPod Touch.
Alle Termine und Fälligkeiten rund um ihre Autos stets griffbereit – von der Hauptuntersuchung über Steuer bis zur Versicherung.
Mit dieser Applikation verwalten sie einfach und komfortabel die Daten ihrer Kraftfahrzeuge.
Ideal, wenn sie ein oder mehrere Autos oder Motorräder besitzen, für Familien, Handwerksbetriebe und kleinere Unternehmen. Speichern sie bis zu 20 Fahrzeuge in dieser übersichtlich aufgebauten App.
Zusätzlich zu den voreingestellten Parametern finden Sie ein weiteres Feld für individuelle Eingaben.</description>
    </item>
    
    <item>
      <title>Safe Calls</title>
      <link>https://manuel-reinhardt.de/safecalls/</link>
      <pubDate>Wed, 13 Sep 2017 14:37:14 +0200</pubDate>
      
      <guid>https://manuel-reinhardt.de/safecalls/</guid>
      <description>Ihnen ging ihre Geldbörse oder ihr Handy verloren, oder sie wurden ihnen gar entwendet. Sie müssen dringend einen Notruf absetzen. Sie benötigen Auskunft von ihrer Auto-Versicherung oder wollen einen Automobilverband kontaktieren.
In der Aufregung ist es nicht leicht, die richtige Telefonnummer zu finden.
Ist sie auch noch aktuell?
Für all diese Fälle wurde diese App entwickelt.
Hier finden sie die wichtigsten Notruf- und Sperrnummern für Deutschland, aktuell, übersichtlich und immer auf dem neuesten Stand.</description>
    </item>
    
  </channel>
</rss>